,precision,recall,f1-score,support
0,0.9866840164823248,0.9979381443298969,0.9922791712104689,22795.0
1,0.9171075837742504,0.6287787182587666,0.7460545193687231,827.0
accuracy,0.9850139700279401,0.9850139700279401,0.9850139700279401,0.9850139700279401
macro avg,0.9518958001282876,0.8133584312943318,0.869166845289596,23622.0
weighted avg,0.9842481638936542,0.9850139700279401,0.9836589109838528,23622.0
